case_id,query_type,assertion_index,assertion,grounded_1yes_0no,satisfiable_1yes_0no,non_trivial_1yes_0no
case_040,email,0,Returns the email 'email_002',,,
case_040,email,1,Filters results to communications authored by Markus Schmidt,,,
case_040,email,2,Matches keywords 'legal contingency plan' and 'IPO delay',,,
case_050,email,0,Returns the email with subject 'Conflict Identified: Revenue Projections vs. Environmental Fines'.,,,
case_050,email,1,"Filters by keyword: conflict, revenue projections, environmental fines.",,,
case_050,email,2,Identifies Jyoti Mukherjee as the sender.,,,
case_007,email,0,Returns the email authored by Leena Patel on 2026-03-24.,,,
case_007,email,1,"Matches keywords 'financial projection,' 'IPO requirements,' and 'immediate review.'",,,
case_031,email,0,Returns the email with subject 'Next Steps for Reviewing Witness Testimony Discrepancies',,,
case_031,email,1,Matches the date '2026-03-27' and sender 'rgutierrez',,,
case_079,email,0,"Returns the email authored by Markus Schmidt on April 1, 2026.",,,
case_079,email,1,Subject mentions 'Cybersecurity Audit Progress and Phishing Attempt Follow-Up'.,,,
case_160,email,0,Chronicles the flagged outbound email activity and subsequent findings of unauthorized access.,,,
case_160,email,1,Highlights the IT department's initial concerns and the results of the internal email system audit.,,,
case_160,email,2,Explains the steps taken by Bertrand and Co. to mitigate cybersecurity risks.,,,
case_048,email,0,Returns the email with subject 'Follow-Up: Revenue Projections and Fines Analysis'.,,,
case_048,email,1,Filters by keyword: revenue projections and fines.,,,
case_048,email,2,Identifies Rafael Gutierrez as the sender.,,,
case_052,email,0,Returns the email with subject 'Updated Financial Disclosure Based on New Findings',,,
case_052,email,1,Identifies the sender as Leena Patel,,,
case_052,email,2,Filters by keywords 'updated financial disclosure' and 'environmental fines',,,
case_070,email,0,"Returns the email authored by Leena Patel on March 31, 2026.",,,
case_070,email,1,Matches subject and summary related to financial and public perception analysis following the EPO statement.,,,
case_004,email,0,Returns the email with subject 'Drafting Risk Disclosure for Gens Chemistry Ltd.'.,,,
case_004,email,1,Filters by sender as Amina Nasser (anasser).,,,
case_004,email,2,Focuses on IPO-related risk disclosure drafting.,,,
case_032,email,0,Returns the email with subject 'Decision on Media Briefing',,,
case_032,email,1,Identifies the sender as 'mschmidt' and date as '2026-03-27',,,
case_056,email,0,Returns the email with subject 'Conflict Between Revenue Projections and Environmental Fines',,,
case_056,email,1,Matches the author as Yolanda Silva,,,
case_056,email,2,"Filters the date to March 30, 2026",,,
case_053,email,0,Returns the email with subject 'Contingency Plan for IPO Delay',,,
case_053,email,1,Identifies the sender as Wei Huang,,,
case_053,email,2,Filters for keywords 'contingency plan' and 'IPO delay',,,
case_014,email,0,Returns email_006 sent by Markus Schmidt,,,
case_014,email,1,Matches keywords 'IPO delay' and 'public trust issues',,,
case_034,email,0,Returns the email with subject 'Discrepancies in Pollution Timeline - Impact on Risk Disclosure',,,
case_034,email,1,Identifies the sender as 'anasser' and date as '2026-03-28',,,
case_081,email,0,Identifies the internal memo discussing pollution cover-ups by Gens Chemistry Ltd.,,,
case_081,email,1,Links the internal memo to the email about the CEO's request for damage control.,,,
case_035,email,0,Returns the email with subject 'Media Briefing Proposal Follow-Up',,,
case_035,email,1,Matches the sender as 'pr_consultant' and the date as '2026-03-27',,,
case_072,email,0,"Returns the email sent by Amina Nasser on April 1, 2026.",,,
case_072,email,1,Matches the keywords 'fine payment inconsistencies' and 'Gens Chemistry.',,,
case_076,email,0,"Returns the email authored by Leena Patel on April 1, 2026.",,,
case_076,email,1,Subject mentions 'Financial Impact Assessment of Gens Chemistry Ltd.'s Historical Discrepancies'.,,,
case_021,email,0,Returns the email with the subject 'Discussion on Media Briefing Strategy for Gens Chemistry Ltd.',,,
case_021,email,1,"Filters by author Yara Jensen and date March 26, 2026",,,
case_021,email,2,Ensures the email content discusses media briefing strategy and potential risks,,,
case_086,email,0,Identifies the cross-check task assigned to the junior analyst.,,,
case_086,email,1,Connects the results of the cross-check to the insights shared in the email.,,,
case_017,email,0,"Returns the email authored by Takeshi Kimura on March 25, 2026.",,,
case_017,email,1,Includes content discussing the updated legal strategy for IPO filing.,,,
case_058,email,0,Returns the email with subject 'Media Inquiry: Allegations of Pollution Cover-Ups',,,
case_058,email,1,"Matches the date March 30, 2026",,,
case_058,email,2,Filters the sender as Markus Schmidt,,,
case_080,email,0,"Returns the email authored by Yara Jensen on April 1, 2026.",,,
case_080,email,1,Subject mentions 'Crisis Communication Strategy for Gens Chemistry Ltd.'.,,,
case_075,email,0,"Returns the email sent by Markus Schmidt on March 31, 2026.",,,
case_075,email,1,"Matches the keywords 'investor relations strategy,' 'Gens Chemistry,' and 'IPO.'",,,
case_033,email,0,Returns the email with subject 'Recommendations for Addressing Compliance Loophole',,,
case_033,email,1,Matches the sender as 'anasser' and the date '2026-03-27',,,
case_008,email,0,Returns the email authored by Takeshi Kimura on 2026-03-24.,,,
case_008,email,1,"Matches keywords 'legal risks,' 'pollution cover-up,' and 'IPO transparency.'",,,
case_011,email,0,Returns email_004 sent by Yara Jensen,,,
case_011,email,1,Matches keywords 'aligning legal and financial teams' and 'public messaging',,,
case_057,email,0,Returns the email with subject 'Urgent Meeting Request from Gens Chemistry Ltd. CEO',,,
case_057,email,1,Filters for sender Mosi Kabongo,,,
case_054,email,0,Returns the email with subject 'Inconsistencies in Environmental Fine Estimates',,,
case_054,email,1,Identifies the sender as Jyoti Mukherjee,,,
case_054,email,2,"Filters for keywords 'inconsistencies', 'environmental fines', and 'risk assessment'",,,
case_045,email,0,"Returns the email authored by Leena Patel on March 28, 2026.",,,
case_045,email,1,Focuses on financial projections and pollution disclosures.,,,
case_019,email,0,"Returns the email authored by Jyoti Mukherjee on March 26, 2026.",,,
case_019,email,1,Provides details on revenue growth overestimation and underperforming product lines.,,,
case_068,email,0,"Returns the email authored by Yara Jensen on March 31, 2026.",,,
case_068,email,1,Matches subject and summary related to cybersecurity training and phishing prevention.,,,
case_043,email,0,"Returns the email authored by Amina Nasser on March 28, 2026.",,,
case_043,email,1,Focuses on pollution cover-ups and legal strategies.,,,
case_029,email,0,Returns the email with the subject 'Follow-Up on Environmental Compliance Loophole',,,
case_029,email,1,Filters by author 'tkimura' and date '2026-03-27',,,
case_025,email,0,Returns the email with the subject 'Preliminary Recommendation to Delay Gens Chemistry Ltd.'s IPO',,,
case_025,email,1,"Filters by author Markus Schmidt and date March 26, 2026",,,
case_025,email,2,Ensures the email content includes the recommendation to delay the IPO and related disclosure strategy,,,
case_030,email,0,Returns the email with the subject 'Phishing Attempt Targeting Gens Chemistry Communications',,,
case_030,email,1,Filters by author 'itsecurity' and date '2026-03-27',,,
case_022,email,0,Returns the email with the subject 'Revised Financial Analysis and Risk Implications for Gens Chemistry Ltd.',,,
case_022,email,1,"Filters by author Leena Patel and date March 26, 2026",,,
case_022,email,2,Ensures the email summary includes flagged financial inconsistencies,,,
case_046,email,0,Returns the email with subject 'Media Statement Draft: Addressing Pollution Allegations'.,,,
case_046,email,1,Identifies Yara Jensen as the author.,,,
case_046,email,2,"Filters by type: email and date close to March 29, 2026.",,,
case_016,email,0,"Returns the email authored by Leena Patel on March 25, 2026.",,,
case_016,email,1,Focuses specifically on the financial implications of the IPO delay.,,,
case_020,email,0,"Returns the email authored by Wei Huang on March 25, 2026.",,,
case_020,email,1,Contains an executive summary of legal risks tied to pollution cover-ups and recommendations.,,,
case_071,email,0,"Returns the email sent by Yara Jensen on April 1, 2026.",,,
case_071,email,1,"Matches the keywords 'urgent,' 'environmental violations,' and 'Gens Chemistry.'",,,
case_042,email,0,"Returns the email authored by Leena Patel on March 29, 2026.",,,
case_042,email,1,Specifically targets urgent revisions to financial disclosures.,,,
case_038,email,0,Returns the email 'email_005',,,
case_038,email,1,Filters results to communications authored by Takeshi Kimura,,,
case_038,email,2,Matches keywords 'anonymous tip' and 'pollution incidents',,,
case_038,email,3,Relates to the topic 'Gens Chemistry Ltd.',,,
case_003,email,0,Returns the email with subject 'Urgent: Internal Memo on Pollution Cover-ups'.,,,
case_003,email,1,Filters by sender as Wei Huang (whuang).,,,
case_003,email,2,Focuses on the legal findings and IPO implications.,,,
case_015,email,0,Returns email_003 sent by Rafael Gutierrez,,,
case_015,email,1,Matches keywords 'financial discrepancies' and 'historical IPO data',,,
case_044,email,0,"Returns the email authored by Takeshi Kimura on March 28, 2026.",,,
case_044,email,1,Targets environmental compliance clarification requests.,,,
case_013,email,0,Returns email_007 sent by Jyoti Mukherjee,,,
case_013,email,1,Matches keywords 'inconsistencies' and 'financial projections',,,
case_062,email,0,Returns the email titled 'Media Statement Draft: Pollution Allegations',,,
case_062,email,1,Filters by author 'mschmidt' and date '2026-03-30',,,
case_065,email,0,Returns the email titled 'Internal Memo Forwarding Error: Follow-Up Actions',,,
case_065,email,1,Filters by author 'mkabongo' and date '2026-03-31',,,
case_012,cross-source,0,Returns email_005 sent by Wei Huang,,,
case_012,cross-source,1,Matches keywords 'legal impact analysis' and 'environmental evidence',,,
case_002,cross-source,0,Returns the email with subject 'Next Steps: Meeting with Environmental Protection Organization'.,,,
case_002,cross-source,1,Filters by sender as Mosi Kabongo (mkabongo).,,,
case_002,cross-source,2,Focuses exclusively on the meeting confirmation and document requests.,,,
case_111,cross-source,0,Recognizes the meeting summary discussing the accidental PR draft leak as 'meeting-001',,,
case_111,cross-source,1,Identifies Yara Jensen's chat about fallout from the same incident as 'chat1',,,
case_111,cross-source,2,Connects both events to determine overlapping participants.,,,
case_140,cross-source,0,Describes unusual server activity and the IT department's response.,,,
case_140,cross-source,1,Reports on the phishing attempt targeting the legal team and the subsequent discussions.,,,
case_140,cross-source,2,Summarizes the findings and recommendations from the external cybersecurity consultant's email protocol audit.,,,
case_140,cross-source,3,Includes proposed measures to enhance cybersecurity across the organization.,,,
case_047,cross-source,0,Returns the email with subject 'Anonymous Allegation: Gens Chemistry Ltd. Suppressing Pollution Reports'.,,,
case_047,cross-source,1,Filters by keyword: suppression or pollution reports.,,,
case_047,cross-source,2,Identifies Amina Nasser as the sender.,,,
case_028,cross-source,0,Returns the email with the subject 'Strategy Meeting on Media Briefing Proposal',,,
case_028,cross-source,1,Filters by author 'mkabongo' and date '2026-03-27',,,
case_122,cross-source,0,Identifies the email notifying stakeholders about the whistleblower's voicemail (email_005),,,
case_122,cross-source,1,Identifies the chat discussing strategies about the voicemail (chat_004),,,
case_122,cross-source,2,Identifies the meeting analyzing the financial fraud implications (meeting_003),,,
case_100,cross-source,0,Identifies unusual server activity flagged by the IT department.,,,
case_100,cross-source,1,Tracks how the leadership team coordinated a cybersecurity review.,,,
case_100,cross-source,2,Locates the discussion in a group chat or meeting.,,,
case_102,cross-source,0,Identifies the subpoena documentation request in 'email_002' and 'email_006',,,
case_102,cross-source,1,Connects the subpoena topic to 'meeting-004' where the response plan was discussed,,,
case_018,cross-source,0,"Returns the email authored by Takeshi Kimura on March 26, 2026.",,,
case_018,cross-source,1,Focuses on scheduling a private meeting related to pollution allegations.,,,
case_024,cross-source,0,Returns the email with the subject 'Potential Loophole in Gens Chemistry's Environmental Compliance Reports',,,
case_024,cross-source,1,"Filters by author Amina Nasser and date March 27, 2026",,,
case_024,cross-source,2,Ensures the email content includes details about the loophole and its implications,,,
case_055,cross-source,0,Returns the email with subject 'Preparation for Emergency Board Call',,,
case_055,cross-source,1,Identifies the sender as Takeshi Kimura,,,
case_055,cross-source,2,"Filters for keywords 'legal concerns', 'recommendations', and 'emergency board call'",,,
case_051,cross-source,0,Returns the email with subject 'Post-Emergency Call Action Items',,,
case_051,cross-source,1,Identifies the sender as Yara Jensen,,,
case_051,cross-source,2,Filters based on the subject mentioning 'emergency board call' and 'action items',,,
case_006,cross-source,0,Returns the email authored by Yara Jensen on 2026-03-25.,,,
case_006,cross-source,1,"Matches keywords 'urgent strategy meeting,' 'IPO risks,' and 'Environmental Protection Organization.'",,,
case_063,cross-source,0,Returns the email titled 'Emergency Strategy Meeting re: Gens Chemistry Ltd. Audit Discrepancies',,,
case_063,cross-source,1,Filters by author 'yjensen' and date '2026-03-31',,,
case_060,cross-source,0,Returns the email with subject 'Cybersecurity Protocol Review',,,
case_060,cross-source,1,Filters the sender as Takeshi Kimura,,,
case_060,cross-source,2,"Matches the date March 30, 2026",,,
case_082,cross-source,0,Identifies the email discussing flagged financial inconsistencies.,,,
case_082,cross-source,1,Links the flagged inconsistencies to the meeting about evaluating IPO risks.,,,
case_153,cross-source,0,Includes details of the anonymous email warning about the IPO document leak,,,
case_153,cross-source,1,Summarizes the timeline of events following the discovery,,,
case_153,cross-source,2,Describes the investigation steps taken by Bertrand and Co.,,,
case_153,cross-source,3,Mentions the measures implemented to secure sensitive information,,,
case_036,cross-source,0,Returns the email 'email_006',,,
case_036,cross-source,1,Filters results to communications from Markus Schmidt,,,
case_036,cross-source,2,Matches keywords 'encryption protocols' and 'IPO case files',,,
case_049,cross-source,0,Returns the email with subject 'Emergency Call Scheduled with Gens Chemistry Ltd.'s Board'.,,,
case_049,cross-source,1,"Filters by keyword: emergency call, late afternoon.",,,
case_049,cross-source,2,Identifies Markus Schmidt as the sender.,,,
case_026,cross-source,0,Returns the email with the subject 'Urgent Update on IPO Risk Management Progress',,,
case_026,cross-source,1,Filters by author 'mschmidt' and date '2026-03-27',,,
case_114,cross-source,0,Identifies the anonymous email warning about the IPO document leak.,,,
case_114,cross-source,1,Links the email to the meeting where next steps were discussed.,,,
case_107,cross-source,0,Identifies the notes documenting the CFO's meeting cancellation,,,
case_107,cross-source,1,Links the notes to the chat discussing potential internal challenges,,,
case_078,cross-source,0,"Returns the email authored by Markus Schmidt on April 1, 2026.",,,
case_078,cross-source,1,Subject mentions 'Cancellation of CFO Meeting and Internal Speculation'.,,,
case_073,cross-source,0,"Returns the email sent by Wei Huang on April 1, 2026.",,,
case_073,cross-source,1,"Matches the keywords 'meeting,' 'legal and strategic concerns,' and 'Gens Chemistry.'",,,
case_152,cross-source,0,Explains the vulnerabilities uncovered by the cybersecurity consultant,,,
case_152,cross-source,1,Details the proposed email encryption updates,,,
case_152,cross-source,2,Includes recommendations for staff training to improve security,,,
case_064,cross-source,0,Returns the email titled 'Subpoena Request: Gens Chemistry Historical Pollution Documentation',,,
case_064,cross-source,1,Filters by author 'whuang' and date '2026-03-31',,,
case_112,cross-source,0,Identifies the server log documenting the suspicious login attempt as 'data/logs/server_login_alert_20260403.log',,,
case_112,cross-source,1,Connects the log to the email requesting a legal review ('email_005'),,,
case_112,cross-source,2,Links both to the group chat ('groupchat1') discussing server access protocols.,,,
case_121,cross-source,0,Identifies the email raising concerns about flagged outbound email traffic (email_002),,,
case_121,cross-source,1,Identifies the email audit findings from the surprise audit (email_004),,,
case_121,cross-source,2,Identifies the emergency cybersecurity meeting (meeting_001),,,
case_039,cross-source,0,Returns the email 'email_004',,,
case_039,cross-source,1,Filters results to emails authored by Mosi Kabongo,,,
case_039,cross-source,2,Matches keywords 'late-night meeting' and 'Gens Chemistry Ltd.',,,
case_039,cross-source,3,Restricts results to items dated '2026-03-28',,,
case_106,chat,0,Identifies the spreadsheet on fine payment discrepancies,,,
case_106,chat,1,Links the spreadsheet to the chat about legal review preparation,,,
case_083,chat,0,Identifies the group chat discussing the drafting of the risk disclosure statement.,,,
case_083,chat,1,Connects the contents of the risk disclosure draft to the group chat discussions.,,,
case_154,other,0,Explains the nature of the discrepancies in pollution fine records,,,
case_154,other,1,Analyzes the potential legal risks and obligations arising from these inconsistencies,,,
case_154,other,2,Discusses the impact on Gens Chemistry Ltd.'s transparency and credibility,,,
case_154,other,3,Includes proposed next steps to address the concerns,,,
case_090,other,0,Identifies the phishing attempt described in the report from the IT department.,,,
case_090,other,1,Connects the phishing attempt to the group chat discussing measures taken.,,,
case_123,other,0,Explains the significance of the internal memo on pollution cover-ups.,,,
case_123,other,1,Summarizes the legal vulnerabilities and risk disclosure updates.,,,
case_123,other,2,Discusses the impact on the IPO timeline and public trust.,,,
case_123,other,3,Covers the communication strategy adjustments in response to media scrutiny.,,,
case_120,other,0,Identifies the email discussing the anonymous envelope (email_001),,,
case_120,other,1,Identifies the follow-up email suggesting preliminary verification and legal steps (email_006),,,
case_147,other,0,Details the discrepancies found during the subpoena response review.,,,
case_147,other,1,Explains the potential legal consequences of these inconsistencies.,,,
case_147,other,2,Analyzes the financial risks associated with the discrepancies.,,,
case_144,other,0,Includes a detailed timeline of when the fine payment inconsistencies were discovered and discussed.,,,
case_144,other,1,Analyzes the legal and financial risks associated with these inconsistencies.,,,
case_144,other,2,Provides recommendations for addressing transparency concerns and preparing for the IPO.,,,
case_161,other,0,Details the conflicting edits from Gens Chemistry Ltd.'s leadership.,,,
case_161,other,1,Explains the reasons for the delays in approving the press release.,,,
case_161,other,2,Outlines the steps taken by Bertrand and Co. to resolve the issue and meet deadlines.,,,
case_126,other,0,Includes a summary of the pollution cover-up allegations and evidence provided,,,
case_126,other,1,Analyzes the legal implications for Gens Chemistry Ltd.'s IPO,,,
case_126,other,2,Proposes recommendations for mitigating these risks,,,
case_104,other,0,Identifies the phishing attempt report in 'data/security/phishing_attempt_report.pdf',,,
case_104,other,1,"Connects the phishing attempt to 'email_005', 'chat_006', and 'meeting-005', which propose cybersecurity training",,,
case_133,other,0,Describes the phishing attempt and the internal communications targeted,,,
case_133,other,1,"Includes discussions and decisions from relevant chats, emails, and meetings",,,
case_133,other,2,Details the cybersecurity measures implemented in response to the incident,,,
case_110,other,0,Identifies the PR team's struggles in group chat discussions,,,
case_110,other,1,Analyzes the draft press release addressing Environmental Protection Organization demands,,,
case_103,other,0,Identifies the EPO public statement in 'data/statements/epo_public_statement_gens_accountability.pdf',,,
case_103,other,1,"Links the statement's impact to 'chat_005' and 'email_007', which discuss investor confidence",,,
case_157,other,0,Provides a chronological timeline of events related to the foreign IP login attempt.,,,
case_157,other,1,Discusses the IT department's investigation process and findings.,,,
case_157,other,2,Identifies potential vulnerabilities and recommended remediation steps.,,,
case_098,other,0,Identifies the PR consultant's draft statement and liability concerns raised by the legal team.,,,
case_098,other,1,Links these concerns to discussions in the emergency board call.,,,
case_098,other,2,Connects the outcome of the board call to adjustments in the media strategy.,,,
case_097,other,0,Identifies the flagged conflict in revenue projections and environmental fines.,,,
case_097,other,1,Links this conflict to the request for further financial disclosure revisions.,,,
case_097,other,2,Connects the revisions to the updated IPO valuation.,,,
case_116,other,0,Identifies the email and meeting discussing pollution fine discrepancies.,,,
case_116,other,1,Links these issues to the leadership's feedback and subsequent press release revisions.,,,
case_113,other,0,Identifies the email summarizing investor concerns as 'email_003',,,
case_113,other,1,Links it to the group chat ('groupchat2') and meeting ('meeting-004') discussing IPO strategies and investor risk mitigation.,,,
case_113,other,2,Traces participant involvement across these events.,,,
case_101,other,0,Identifies the media inquiry regarding pollution cover-ups.,,,
case_101,other,1,Connects the inquiry to the PR team's effort in drafting a response.,,,
case_101,other,2,Enlists individuals or teams involved in the discussions leading to the draft.,,,
case_125,other,0,Summarizes the arguments for and against delaying the IPO.,,,
case_125,other,1,Discusses the impact of a delay on public trust and transparency.,,,
case_125,other,2,"Considers financial, legal, and reputational risks.",,,
case_125,other,3,Provides a clear recommendation based on the available evidence.,,,
case_109,other,0,Identifies the IT department's concerns about server activity,,,
case_109,other,1,Reviews the external consultant's audit results and proposed measures,,,
case_134,other,0,Chronologically lists the discovery of pollution timeline discrepancies and the confidential tip,,,
case_134,other,1,"Summarizes discussions and analyses from relevant meetings, chats, and emails",,,
case_134,other,2,Explains the impact of these findings on Gens Chemistry Ltd.'s IPO strategy,,,
case_139,other,0,Covers the anonymous tip and the decision to initiate an internal investigation.,,,
case_139,other,1,Details findings or progress in the investigation of undisclosed environmental violations.,,,
case_139,other,2,Discusses potential implications of the violations on Gens Chemistry Ltd.'s IPO readiness and investor confidence.,,,
case_119,other,0,Investor concerns were raised about environmental controversies impacting Gens Chemistry Ltd.'s IPO confidence.,,,
case_119,other,1,These concerns led to urgent revisions to the press release to address media and investor pressure.,,,
case_129,other,0,Discusses the influence of pollution allegations on investor confidence,,,
case_129,other,1,Highlights the potential financial and reputational risks to the IPO,,,
case_129,other,2,Summarizes internal deliberations on media briefing and disclosure strategies,,,
case_151,other,0,Discusses discrepancies in the pollution fine records,,,
case_151,other,1,Assesses legal risks related to subpoena responses,,,
case_151,other,2,Evaluates potential impacts on IPO strategy and investor confidence,,,
case_084,other,0,Identifies the evidence provided by the Environmental Protection Organization.,,,
case_084,other,1,Connects the evidence to the proposed adjustments in the legal strategy.,,,
case_138,other,0,Explains the discrepancies found in the environmental fine estimates.,,,
case_138,other,1,Assesses how these inconsistencies complicate the IPO risk assessment.,,,
case_138,other,2,Includes references to financial and legal implications of the flagged issues.,,,
case_085,other,0,Identifies internal debates and discussions about delaying the IPO.,,,
case_085,other,1,Connects these discussions to the financial analysis of delaying the IPO.,,,
case_159,other,0,Summarizes the whistleblower's voicemail content and financial fraud claims.,,,
case_159,other,1,Evaluates the potential impact on Gens Chemistry Ltd.'s IPO and reputation.,,,
case_159,other,2,Details the steps taken by Bertrand and Co. to investigate and address the issue.,,,
case_089,other,0,Identifies the Environmental Protection Organization's notice requesting clarification,,,
case_089,other,1,Links Bertrand and Co.'s internal discussions to their formal response during the meeting,,,
case_088,other,0,Identifies the flagged revenue overestimation in the financial analysis file,,,
case_088,other,1,Connects the flagged issue to IPO strategy recommendations discussed in meetings,,,
case_099,meeting,0,Identifies the flagged inconsistencies in environmental fine estimates.,,,
case_099,meeting,1,Connects the flagged discrepancies to the meeting where they were raised.,,,
case_099,meeting,2,Identifies the junior analyst as the person who discovered the discrepancies.,,,
case_149,meeting,0,Summarizes the whistleblower's claims of financial fraud.,,,
case_149,meeting,1,Includes key points from the emergency meeting regarding investigation plans.,,,
case_149,meeting,2,Analyzes the potential impact of these allegations on Gens Chemistry Ltd.'s IPO strategy.,,,
case_105,meeting,0,Identifies the anonymous tip document,,,
case_105,meeting,1,Connects the document to the meeting discussing the investigation strategy,,,
case_095,meeting,0,Identifies discrepancies in pollution disclosures as a key topic.,,,
case_095,meeting,1,Connects discrepancies to investor confidence concerns discussed in the meeting.,,,
case_093,meeting,0,Identifies the confidential tip file related to undisclosed pollution incidents.,,,
case_093,meeting,1,Maps the tip to the meeting discussing its validity and implications.,,,
case_087,meeting,0,Identifies the private meeting request from Gens Chemistry Ltd.'s legal team,,,
case_087,meeting,1,Connects the private meeting discussion to Bertrand and Co.'s guidance on investor confidence,,,
case_091,meeting,0,Identifies the chat where the compliance loophole was initially discussed.,,,
case_091,meeting,1,Follows up on the legal team's evaluation of the loophole in the meeting.,,,
case_092,meeting,0,Identifies the email discussing risks associated with the media briefing.,,,
case_092,meeting,1,Links the concerns raised to the strategy meeting led by Markus Schmidt.,,,
case_162,file,0,Provides a timeline of events leading to the recommendation to delay the IPO.,,,
case_162,file,1,"Explains the rationale for the delay, including financial inconsistencies and public trust issues.",,,
case_162,file,2,Discusses legal and environmental challenges impacting the IPO process.,,,
case_162,file,3,Highlights internal debates and final recommendations for addressing transparency concerns.,,,
case_143,file,0,Details the phishing attempt targeting the legal team and its thwarted outcome.,,,
case_143,file,1,Discusses unusual activity on the internal document server and potential data breach risks.,,,
case_143,file,2,Covers the mishandling of a confidential draft in the shared printer room and its implications for document security.,,,
case_143,file,3,"Provides recommendations to mitigate these risks, including mandatory training and protocol improvements.",,,
case_094,file,0,Recognizes the suspicious activity targeting IPO files.,,,
case_094,file,1,Identifies the encryption protocols as the response to the suspicious activity.,,,
case_136,file,0,Discusses the content and implications of the anonymous email alleging pollution report suppression.,,,
case_136,file,1,Analyzes the legal risks and regulatory scrutiny triggered by these allegations.,,,
case_136,file,2,Examines the impact of these allegations on public perception and media coverage.,,,
case_145,file,0,Summarizes key allegations from the whistleblower report.,,,
case_145,file,1,Analyzes the implications for Gens Chemistry Ltd.'s IPO readiness and legal challenges.,,,
case_145,file,2,Identifies next steps for internal investigation and communication strategies.,,,
case_158,file,0,Summarizes the whistleblower's claims and provides context.,,,
case_158,file,1,Analyzes the potential legal and financial implications for Gens Chemistry Ltd. and Bertrand and Co.,,,
case_158,file,2,"Recommends next steps, including verification and risk mitigation strategies.",,,
case_148,file,0,Outlines the accidental forwarding of the PR draft by a junior associate.,,,
case_148,file,1,Describes the internal response and damage control measures.,,,
case_148,file,2,Highlights the reputational risks and potential fallout for Bertrand and Co.,,,
case_146,file,0,Provides a detailed timeline of the accidental leak and subsequent internal responses.,,,
case_146,file,1,Outlines mitigation strategies taken to address the leak and minimize reputational damage.,,,
case_146,file,2,Analyzes the potential impact of the leak on media relations and investor confidence.,,,
case_128,file,0,Summarizes the pros and cons of delaying the IPO,,,
case_128,file,1,Includes insights from internal discussions and meetings,,,
case_128,file,2,Provides actionable recommendations for senior leadership,,,
case_155,file,0,Summarizes the whistleblower's claims about inflated financial projections,,,
case_155,file,1,Analyzes the potential risks to the IPO and the firm's reputation,,,
case_155,file,2,Discusses the legal and financial ramifications of the claims,,,
case_155,file,3,Recommends actions to investigate and address the allegations,,,
case_115,file,0,Identifies the email and chat discussing the unusual data transfer activity.,,,
case_115,file,1,Locates the report documenting the server lockdown and data transfer details.,,,
case_124,file,0,Describes the specific inconsistencies flagged in financial projections.,,,
case_124,file,1,Explores the overestimation of revenue growth tied to underperforming product lines.,,,
case_124,file,2,Analyzes the impact of these inconsistencies on IPO readiness.,,,
case_124,file,3,Provides recommendations for mitigating financial risks.,,,
case_117,file,0,The environmental compliance report draft contains updates to regulatory strategies.,,,
case_117,file,1,These updates have implications for the IPO discussed in related emails and meetings.,,,
case_108,file,0,Identifies the whistleblower report alleging financial fraud,,,
case_108,file,1,Analyzes the group chat discussing the impact on IPO preparations,,,
case_130,file,0,Summarizes the flagged revenue overestimations tied to underperforming product lines,,,
case_130,file,1,Analyzes the implications of financial inconsistencies on investor confidence,,,
case_130,file,2,Provides recommendations for addressing these issues in IPO documentation,,,
case_118,file,0,The subpoena response draft was left unsecured overnight.,,,
case_118,file,1,This incident prompted discussions and meetings to review document security measures.,,,
case_156,file,0,Summarizes the content of the environmental compliance report draft.,,,
case_156,file,1,Explains the potential regulatory strategy updates indicated in the report.,,,
case_156,file,2,Analyzes the implications for Gens Chemistry Ltd.'s financial projections and IPO readiness.,,,
case_132,file,0,Summarizes the identified loophole and its impact on Gens Chemistry Ltd.'s liability,,,
case_132,file,1,"Includes discussions from chats, emails, and meetings regarding the loophole",,,
case_132,file,2,Outlines proposed mitigation strategies to address the issue,,,
case_137,file,0,Details the unusual server activity and the phishing attempt targeting the legal team.,,,
case_137,file,1,Covers the accidental forwarding of a sensitive internal memo and its implications.,,,
case_137,file,2,Proposes strategies for improving cybersecurity and email protocols across the organization.,,,
case_142,file,0,Includes details from the whistleblower report regarding financial fraud.,,,
case_142,file,1,Analyzes the inconsistencies in fine payment records and their impact on financial transparency.,,,
case_142,file,2,Discusses how these findings could affect Gens Chemistry Ltd.'s IPO readiness and investor confidence.,,,
case_150,file,0,Includes a detailed timeline of the accidental leak and subsequent actions,,,
case_150,file,1,Evaluates reputational risks to Bertrand and Co.,,,
case_150,file,2,Summarizes strategies discussed to mitigate damage,,,
case_135,file,0,"Summarizes the revisions to the financial disclosure section, including the rationale behind the changes.",,,
case_135,file,1,Addresses the potential conflict between revenue projections and environmental fines.,,,
case_135,file,2,Includes the impact of allegations regarding suppressed pollution reports on the IPO process.,,,
case_096,file,0,Identifies the anonymous email as the source of allegations about pollution report suppression.,,,
case_096,file,1,Links the email to discussions about regulatory and public pressures on the IPO timeline.,,,
case_096,file,2,Connects these pressures to the contingency plan drafted by the legal team.,,,
case_131,file,0,Describes the phishing attempt and its target,,,
case_131,file,1,Details the enhanced encryption protocols implemented by the IT department,,,
case_131,file,2,Evaluates the effectiveness of the measures in securing sensitive communications,,,
case_127,file,0,Summarizes the flagged discrepancies in financial projections,,,
case_127,file,1,Explains how these inconsistencies could affect IPO strategy,,,
case_127,file,2,Includes historical comparisons from similar IPOs,,,
case_141,file,0,Summarizes discrepancies in Gens Chemistry Ltd.'s internal pollution audits versus regulator data.,,,
case_141,file,1,Details the Environmental Protection Organization's public statement and its effects on investor sentiment.,,,
case_141,file,2,Analyzes how these factors could delay or impact Gens Chemistry Ltd.'s IPO.,,,
