tenant,channel,sender,iet_seconds
onedaydynasty-corp-20260406,email,yzhang,13500.0
onedaydynasty-corp-20260406,chat,yun_zhang,4.0
onedaydynasty-corp-20260406,chat,yun_zhang,100.0
onedaydynasty-corp-20260406,chat,yun_zhang,17.0
onedaydynasty-corp-20260406,chat,yun_zhang,35.0
onedaydynasty-corp-20260406,chat,yun_zhang,20.0
onedaydynasty-corp-20260406,chat,yun_zhang,51.0
onedaydynasty-corp-20260406,chat,yun_zhang,12.0
onedaydynasty-corp-20260406,chat,yun_zhang,125.0
onedaydynasty-corp-20260406,chat,yun_zhang,60.0
onedaydynasty-corp-20260406,chat,yun_zhang,30.0
onedaydynasty-corp-20260406,chat,yun_zhang,10.0
onedaydynasty-corp-20260406,chat,yun_zhang,55.0
onedaydynasty-corp-20260406,chat,yun_zhang,65.0
onedaydynasty-corp-20260406,chat,yun_zhang,55.0
onedaydynasty-corp-20260406,chat,yun_zhang,133.0
onedaydynasty-corp-20260406,chat,yun_zhang,69.0
onedaydynasty-corp-20260406,chat,kiran_patel,68.0
onedaydynasty-corp-20260406,chat,kiran_patel,180.0
onedaydynasty-corp-20260406,chat,kiran_patel,90.0
onedaydynasty-corp-20260406,chat,kiran_patel,82.0
onedaydynasty-corp-20260406,chat,kiran_patel,58.0
onedaydynasty-corp-20260406,chat,kiran_patel,70.0
onedaydynasty-corp-20260406,chat,alessandro_rossi,66.0
onedaydynasty-corp-20260406,chat,alessandro_rossi,75.0
onedaydynasty-corp-20260406,chat,alessandro_rossi,167.0
onedaydynasty-corp-20260406,chat,alessandro_rossi,68.0
onedaydynasty-corp-20260406,chat,alessandro_rossi,268.0
onedaydynasty-corp-20260406,chat,alessandro_rossi,77.0
onedaydynasty-corp-20260406,chat,alessandro_rossi,65.0
onedaydynasty-corp-20260406,chat,Yun Zhang,75.0
onedaydynasty-corp-20260406,chat,Yun Zhang,75.0
onedaydynasty-corp-20260406,chat,Yun Zhang,75.0
onedaydynasty-corp-20260406,chat,Yun Zhang,75.0
onedaydynasty-corp-20260406,chat,Yun Zhang,75.0
onedaydynasty-corp-20260406,chat,Yun Zhang,75.0
onedaydynasty-corp-20260406,chat,Yun Zhang,75.0
onedaydynasty-corp-20260406,group_chat,Kiran Patel,60.0
onedaydynasty-corp-20260406,group_chat,Kiran Patel,30.0
onedaydynasty-corp-20260406,group_chat,Kiran Patel,55.0
onedaydynasty-corp-20260406,group_chat,Kiran Patel,15.0
onedaydynasty-corp-20260406,group_chat,Kiran Patel,80.0
onedaydynasty-corp-20260406,group_chat,Kiran Patel,35.0
onedaydynasty-corp-20260406,group_chat,Kiran Patel,70.0
onedaydynasty-corp-20260406,group_chat,Kiran Patel,40.0
onedaydynasty-corp-20260406,group_chat,Kiran Patel,10430.0
onedaydynasty-corp-20260406,group_chat,Kiran Patel,90.0
onedaydynasty-corp-20260406,group_chat,Kiran Patel,104.0
onedaydynasty-corp-20260406,group_chat,Kiran Patel,56.0
onedaydynasty-corp-20260406,group_chat,Kiran Patel,157.0
onedaydynasty-corp-20260406,group_chat,Kiran Patel,80.0
onedaydynasty-corp-20260406,group_chat,Kiran Patel,63.0
onedaydynasty-corp-20260406,group_chat,Kiran Patel,105.0
onedaydynasty-corp-20260406,group_chat,Kiran Patel,75.0
onedaydynasty-corp-20260406,group_chat,Kiran Patel,60.0
onedaydynasty-corp-20260406,group_chat,Nour Haddad,30.0
onedaydynasty-corp-20260406,group_chat,Nour Haddad,60.0
onedaydynasty-corp-20260406,group_chat,Nour Haddad,25.0
onedaydynasty-corp-20260406,group_chat,Nour Haddad,45.0
onedaydynasty-corp-20260406,group_chat,Nour Haddad,85.0
onedaydynasty-corp-20260406,group_chat,Nour Haddad,30.0
onedaydynasty-corp-20260406,group_chat,Nour Haddad,40.0
onedaydynasty-corp-20260406,group_chat,Nour Haddad,40.0
onedaydynasty-corp-20260406,group_chat,Nour Haddad,10492.0
onedaydynasty-corp-20260406,group_chat,Nour Haddad,68.0
onedaydynasty-corp-20260406,group_chat,Nour Haddad,122.0
onedaydynasty-corp-20260406,group_chat,Nour Haddad,145.0
onedaydynasty-corp-20260406,group_chat,Nour Haddad,68.0
onedaydynasty-corp-20260406,group_chat,Nour Haddad,78.0
onedaydynasty-corp-20260406,group_chat,Nour Haddad,164.0
onedaydynasty-corp-20260406,group_chat,Nour Haddad,75.0
onedaydynasty-corp-20260406,group_chat,Yun Zhang,120.0
onedaydynasty-corp-20260406,group_chat,Yun Zhang,540.0
onedaydynasty-corp-20260406,group_chat,Yun Zhang,165.0
onedaydynasty-corp-20260406,group_chat,Yun Zhang,15.0
onedaydynasty-corp-20260406,group_chat,Yun Zhang,60.0
onedaydynasty-corp-20260406,group_chat,Yun Zhang,93.0
onedaydynasty-corp-20260406,group_chat,Yun Zhang,135.0
onedaydynasty-corp-20260406,group_chat,Yun Zhang,102.0
onedaydynasty-corp-20260406,group_chat,Yun Zhang,210.0
onedaydynasty-corp-20260406,group_chat,Yun Zhang,420.0
onedaydynasty-corp-20260406,group_chat,Yun Zhang,180.0
onedaydynasty-corp-20260406,group_chat,Yun Zhang,180.0
onedaydynasty-corp-20260406,group_chat,Yun Zhang,420.0
onedaydynasty-corp-20260406,group_chat,Yun Zhang,120.0
onedaydynasty-corp-20260406,group_chat,Yun Zhang,360.0
onedaydynasty-corp-20260406,group_chat,Yun Zhang,420.0
onedaydynasty-corp-20260406,group_chat,Alessandro Rossi,127.0
onedaydynasty-corp-20260406,group_chat,Alessandro Rossi,160.0
onedaydynasty-corp-20260406,group_chat,Alessandro Rossi,68.0
onedaydynasty-corp-20260406,group_chat,Alessandro Rossi,105.0
onedaydynasty-corp-20260406,group_chat,Alessandro Rossi,2450.0
onedaydynasty-corp-20260406,group_chat,Alessandro Rossi,125.0
onedaydynasty-corp-20260406,group_chat,Alessandro Rossi,55.0
onedaydynasty-corp-20260406,group_chat,Alessandro Rossi,105.0
onedaydynasty-corp-20260406,group_chat,Alessandro Rossi,150.0
onedaydynasty-corp-20260406,group_chat,Alessandro Rossi,85.0
onedaydynasty-corp-20260406,group_chat,Alessandro Rossi,110.0
onedaydynasty-corp-20260406,group_chat,Alessandro Rossi,65.0
onedaydynasty-corp-20260406,group_chat,Joy Mensa,123.0
onedaydynasty-corp-20260406,group_chat,Joy Mensa,149.0
onedaydynasty-corp-20260406,group_chat,Joy Mensa,101.0
onedaydynasty-corp-20260406,group_chat,Joy Mensa,2510.0
onedaydynasty-corp-20260406,group_chat,Joy Mensa,75.0
onedaydynasty-corp-20260406,group_chat,Joy Mensa,47.0
onedaydynasty-corp-20260406,group_chat,Joy Mensa,53.0
onedaydynasty-corp-20260406,group_chat,Joy Mensa,130.0
onedaydynasty-corp-20260406,group_chat,Joy Mensa,225.0
onedaydynasty-corp-20260406,group_chat,Joy Mensa,100.0
onedaydynasty-corp-20260406,group_chat,Joy Mensa,25.0
onedaydynasty-corp-20260406,group_chat,yun_zhang,133.0
onedaydynasty-corp-20260406,group_chat,yun_zhang,71.0
onedaydynasty-corp-20260406,group_chat,yun_zhang,269.0
onedaydynasty-corp-20260406,group_chat,yun_zhang,45.0
onedaydynasty-corp-20260406,group_chat,alessandro_rossi,139.0
onedaydynasty-corp-20260406,group_chat,alessandro_rossi,78.0
onedaydynasty-corp-20260406,group_chat,alessandro_rossi,270.0
onedaydynasty-corp-20260406,group_chat,joy_mensa,78.0
onedaydynasty-corp-20260406,group_chat,joy_mensa,76.0
onedaydynasty-corp-20260406,group_chat,joy_mensa,256.0
onedaydynasty-corp-20260406,meeting,yzhang,18000.0
onedaydynasty-corp-20260406,meeting,arossi,3600.0
onedaydynasty-corp-20260406,meeting,jmensa,3600.0
