# User Complaints Analysis - December 27, 2025

**Author:** Priya Patel  
**Date:** December 27, 2025  
**File Path:** data/reports/user_complaints_analysis_20251227.csv

---

## Executive Summary
On December 27, 2025, the customer support team flagged a significant surge in user complaints regarding intermittent app slowdowns. This report analyzes the root causes, patterns, and potential mitigation strategies. The surge coincided with unusual traffic spikes, a brief system outage caused by untested code being pushed to production, and ongoing debates about server capacity planning. The findings point to systemic challenges exacerbated by uncoordinated processes and insufficient infrastructure scaling.

---

## Key Observations

### 1. Surge in User Complaints
- **Volume of Complaints:**
  - Total complaints logged: **3,452** (a 78% increase compared to the daily average of ~1,940 complaints).
  - Peak complaints received between **10:30 AM and 1:00 PM UTC.**
- **Complaint Categories:**
  - App slowdown during peak usage hours: **62% (2,140 complaints)**
  - Inability to access key features: **21% (725 complaints)**
  - Unexpected app crashes: **17% (587 complaints)**

### 2. Timeline of Events
- **8:00 AM UTC:** Unusual traffic spikes detected by the IT team.
- **9:15 AM UTC:** Junior developer pushed untested code to production, causing a brief system outage (9:15 AM - 9:47 AM UTC).
- **10:00 AM UTC:** Rollback completed; system restored but app slowdowns persisted intermittently.
- **10:30 AM UTC:** Surge in user complaints begins.
- **1:00 PM UTC:** Peak complaint period ends as traffic levels stabilize.

### 3. Technical Insights
- **Traffic Spikes:**
  - Total traffic volume increased by **45%** compared to the average daily traffic.
  - Possible causes: suspected bot activity or a surge in legitimate user activity tied to the holiday season.
- **Server Performance:**
  - Average CPU utilization: **92%** (normal operating range: 70%-75%).
  - Database query response times increased by **37%**, leading to cascading delays in app functionality.

### 4. Root Causes
- **Untested Code Deployment:** The unintentional push of untested code caused an initial outage, which exacerbated existing server strain even after rollback.
- **Insufficient Scaling:** The current server infrastructure failed to accommodate the increased traffic volume.
- **Delayed Detection:** Monitoring systems flagged the spike, but the response team was delayed in executing preemptive measures.

---

## Data Analysis

| **Date**       | **Time (UTC)** | **Complaints Logged** | **Primary Issues Reported**          |
|-----------------|----------------|------------------------|---------------------------------------|
| 2025-12-27     | 08:00 - 09:00  | 145                    | Slowdown during login                |
| 2025-12-27     | 09:00 - 10:00  | 220                    | Outage-related errors                |
| 2025-12-27     | 10:00 - 11:00  | 1,020                  | Slow feature loading, transaction lag|
| 2025-12-27     | 11:00 - 12:00  | 1,025                  | Intermittent app crashes             |
| 2025-12-27     | 12:00 - 13:00  | 785                    | Mixed complaints                     |
| 2025-12-27     | 13:00 - 14:00  | 257                    | General slowness                     |

---

## Recommendations

### 1. Immediate Actions
- **Traffic Monitoring:**
  - Deploy additional resources to analyze the source of unusual traffic spikes.
  - Implement rate-limiting measures to mitigate potential bot activity.
- **Code Deployment Protocol:**
  - Reinforce code review and testing protocols to prevent unverified changes from reaching production.
- **User Communication:**
  - Send out an apology email to affected users, acknowledging the issues and ensuring transparency.

### 2. Long-term Strategies
- **Infrastructure Scaling:**
  - Increase server capacity by 30% in preparation for future traffic spikes.
  - Conduct stress testing under simulated peak traffic conditions.
- **Monitoring Enhancements:**
  - Implement real-time alerts for traffic anomalies and server performance metrics.
  - Use predictive analytics to anticipate and address infrastructure needs proactively.
- **Team Coordination:**
  - Schedule cross-departmental drills to improve response times to system outages.

---

## Conclusion
The surge in user complaints on December 27, 2025, highlights key vulnerabilities in our app’s infrastructure, deployment processes, and incident response protocols. Addressing these issues through immediate and long-term measures will be critical to maintaining user trust and ensuring scalability as the company grows.

---

## Appendix

### Raw Data Sample (First 5 Rows of Complaints Log):

| **Complaint ID** | **Timestamp (UTC)** | **User ID** | **Issue Type**               | **Description**                                 |
|-------------------|---------------------|-------------|------------------------------|------------------------------------------------|
| 1001             | 2025-12-27 10:05   | U123456     | Slowdown                    | "App loading time exceeded 30 seconds."       |
| 1002             | 2025-12-27 10:07   | U789012     | Crashes                     | "The app crashed when attempting to checkout."|
| 1003             | 2025-12-27 10:12   | U345678     | Feature Unavailability      | "Unable to access the payment gateway."       |
| 1004             | 2025-12-27 10:15   | U901234     | Slowdown                    | "Search functionality is extremely slow."     |
| 1005             | 2025-12-27 10:20   | U567890     | Mixed Issues                | "App is slow and occasionally unresponsive."  |

---

**Prepared by:** Priya Patel  
**Date:** December 27, 2025